date,inIcuCumulative,inIcuCurrently,hospitalizedIncrease,hospitalizedCurrently,hospitalizedCumulative,negative,negativeIncrease,onVentilatorCurrently,positive,positiveIncrease,recovered,totalTestResults,totalTestResultsIncrease
2020-03-26,91.0,1299.0,2478,7805.0,9551.0,509372,85360,258.0,92974,17731,97.0,670724,107120
2020-03-27,124.0,1792.0,2572,10978.0,12123.0,591608,82236,324.0,112220,19246,2418.0,771317,100593
2020-03-28,140.0,2174.0,2409,12409.0,14532.0,696075,104467,390.0,131822,19602,3145.0,879496,108179
2020-03-29,156.0,2456.0,2794,14055.0,17326.0,764825,68750,439.0,151270,19448,4076.0,962165,82669
2020-03-30,187.0,3087.0,2472,15917.0,19798.0,853147,88322,451.0,172737,21467,4560.0,1069076,106911
2020-03-31,230.0,3487.0,3998,18155.0,23796.0,941389,88242,507.0,197924,25187,5666.0,1183973,114897
2020-04-01,256.0,3937.0,4134,20906.0,27930.0,1028082,86693,561.0,224039,26115,7084.0,1302177,118204
2020-04-02,305.0,4513.0,4198,22997.0,32128.0,1127354,99272,574.0,252081,28042,8586.0,1431542,129365
2020-04-03,335.0,4928.0,4603,25777.0,36731.0,1231890,104536,623.0,283917,31836,10861.0,1572257,140715
2020-04-04,403.0,5500.0,5012,30268.0,41743.0,1428863,196973,656.0,316810,32893,12844.0,1804491,232234
2020-04-05,609.0,5811.0,3937,32180.0,45680.0,1521226,92363,652.0,342444,25634,14589.0,1924137,119646
2020-04-06,663.0,7079.0,2943,36159.0,48623.0,1635403,114177,2961.0,370869,28425,16557.0,2063868,139731
2020-04-07,738.0,9978.0,2997,43849.0,51620.0,1764612,129209,4076.0,401572,30703,18481.0,2229330,165462
2020-04-08,862.0,10337.0,4321,45515.0,55941.0,1886909,122297,4131.0,432490,30918,21132.0,2392703,163373
2020-04-09,918.0,12450.0,3831,51313.0,59772.0,2026678,139769,5794.0,467580,35090,24835.0,2567008,174305
2020-04-10,1179.0,12693.0,4909,53167.0,64681.0,2145322,118644,5937.0,501069,33489,29015.0,2725733,158725
2020-04-11,1399.0,13285.0,3747,55557.0,68428.0,2260983,115661,5978.0,532174,31105,31567.0,2872471,146738
2020-04-12,1449.0,13620.0,3331,55449.0,71759.0,2372489,111506,5968.0,560175,28001,34081.0,3010819,138348
2020-04-13,1622.0,13620.0,4480,56237.0,76239.0,2473453,100964,6168.0,584573,24398,35381.0,3135241,124422
2020-04-14,1715.0,14039.0,3174,59600.0,79413.0,2595781,122328,5975.0,610651,26078,39304.0,3294008,158767
2020-04-15,1783.0,14646.0,3510,59924.0,82923.0,2708822,113041,6032.0,640510,29859,43448.0,3446507,152499
2020-04-16,1834.0,15130.0,3165,59498.0,86088.0,2848621,139799,5940.0,672087,31577,48851.0,3628705,182198
2020-04-17,2052.0,14890.0,3366,58886.0,89454.0,2975731,127110,6096.0,704069,31982,53562.0,3795867,167162
2020-04-18,2096.0,14769.0,3449,57788.0,92903.0,3099965,124234,5729.0,731895,27826,62923.0,3960444,164577
2020-04-19,2145.0,14385.0,2162,56497.0,95065.0,3226945,126980,5603.0,759174,27279,67227.0,4111693,151249
2020-04-20,2193.0,14463.0,2311,56734.0,97376.0,3342072,115127,5567.0,785279,26105,69507.0,4255636,143943
2020-04-21,2315.0,14941.0,2733,59773.0,100109.0,3469627,127555,5514.0,811492,26213,72870.0,4422768,167132
2020-04-22,2370.0,15013.0,3097,59212.0,103206.0,3765721,296094,5474.0,840628,29136,92996.0,4766290,343522
2020-04-23,2428.0,14744.0,2827,59216.0,106033.0,3937183,171462,5464.0,872598,31970,96947.0,4978584,212294
2020-04-24,2468.0,14605.0,2372,57324.0,108405.0,4138743,201560,5187.0,906872,34274,103423.0,5219880,241296
2020-04-25,2516.0,14415.0,2305,57343.0,110710.0,4369714,230971,5266.0,942523,35651,112603.0,5491542,271662
2020-04-26,2571.0,14104.0,2209,56149.0,112919.0,4543613,173899,5121.0,969581,27058,116565.0,5692170,200628
2020-04-27,3720.0,13812.0,2243,56183.0,115162.0,4704638,161025,4867.0,992176,22595,121464.0,5883043,190873
2020-04-28,3798.0,13562.0,2006,56034.0,117168.0,4895781,191143,4760.0,1017548,25372,139080.0,6105951,222908
2020-04-29,4093.0,13535.0,2961,55987.0,120129.0,5111824,216043,4796.0,1043774,26226,147234.0,6363206,257255
2020-04-30,4192.0,13255.0,2376,54921.0,122505.0,5319789,207965,4712.0,1073745,29971,154587.0,6636253,273047
2020-05-01,4300.0,12845.0,9878,54862.0,132383.0,5584488,264699,4707.0,1106547,32802,163554.0,6920201,283948
2020-05-02,4386.0,12905.0,1986,54009.0,134369.0,5792845,208357,4845.0,1135581,29034,174886.0,7184934,264733
2020-05-03,4502.0,12720.0,1854,52619.0,136223.0,6003339,210494,4761.0,1161121,25540,179614.0,7419811,234877
2020-05-04,4579.0,12696.0,1772,52377.0,137995.0,6203094,199755,4848.0,1183622,22501,186670.0,7647449,227638
2020-05-05,4794.0,12628.0,1936,53176.0,139931.0,6454899,251805,4818.0,1206132,22510,189316.0,7929028,281579
2020-05-06,4911.0,12478.0,2159,52581.0,142090.0,6691584,236685,4753.0,1231275,25143,189399.0,8219905,290877
2020-05-07,5174.0,12136.0,4176,51425.0,146266.0,6972048,280464,7070.0,1258502,27227,194375.0,8544510,324605
2020-05-08,6294.0,11780.0,6240,49758.0,152506.0,7245497,273449,6788.0,1285661,27159,198423.0,8854301,309791
2020-05-09,6367.0,11496.0,1669,48561.0,154175.0,7526982,281485,6551.0,1310841,25180,211899.0,9176364,322063
2020-05-10,6445.0,11393.0,1048,46760.0,155223.0,7771662,244680,6395.0,1331731,20890,215479.0,9448483,272119
2020-05-11,6488.0,11148.0,1369,46550.0,156592.0,8110849,339187,6350.0,1350029,18298,232012.0,9816950,368467
2020-05-12,6585.0,11240.0,1483,47344.0,158075.0,8411810,300961,6352.0,1372587,22558,238863.0,10158888,341938
2020-05-13,6713.0,10990.0,1791,46918.0,159866.0,8720573,308763,6156.0,1394215,21628,243359.0,10501737,342849
2020-05-14,6795.0,10655.0,3162,45924.0,163028.0,9055692,335119,5940.0,1420928,26713,246231.0,10886346,384609
2020-05-15,6890.0,10484.0,1313,44551.0,164341.0,9393988,338296,5746.0,1446350,25422,250665.0,11292825,406479
2020-05-16,6945.0,10278.0,1798,43507.0,166139.0,9728470,334482,5529.0,1469936,23586,268206.0,11668027,375202
2020-05-17,7003.0,9934.0,1130,42022.0,167269.0,10081830,353360,5467.0,1490088,20152,272009.0,12023539,355512
2020-05-18,7064.0,9754.0,1133,41921.0,168402.0,10398267,316437,5257.0,1510932,20844,282949.0,12368526,344987
2020-05-19,7217.0,9598.0,1549,42023.0,169951.0,10794855,396588,5032.0,1531814,20882,289283.0,12787844,419318
2020-05-20,7319.0,9521.0,1759,41871.0,171710.0,11200629,405774,4911.0,1553073,21259,294133.0,13245200,457356
2020-05-21,7412.0,9090.0,4547,41347.0,176257.0,11654550,453921,4868.0,1579815,26742,298183.0,13756644,511444
2020-05-22,7689.0,9049.0,3945,40014.0,180202.0,12071712,417162,4716.0,1603988,24173,349936.0,14204044,447400
2020-05-23,7770.0,8733.0,1383,38581.0,181585.0,12470722,399010,4620.0,1626353,22365,361116.0,14653466,449422
2020-05-24,7801.0,8485.0,1027,37757.0,182612.0,12842973,372251,4383.0,1645213,18860,366510.0,15036083,382617
2020-05-25,7847.0,8467.0,901,37711.0,183513.0,13235430,392457,4237.0,1663744,18531,378892.0,15442574,406491
2020-05-26,7899.0,8585.0,17287,37775.0,200800.0,13523373,287943,4215.0,1680722,16978,384609.0,15758800,316226
2020-05-27,8015.0,8547.0,1563,38297.0,202363.0,13816680,293307,4222.0,1700133,19411,391223.0,16185469,426669
2020-05-28,8109.0,8389.0,1596,38003.0,203959.0,14259691,443011,4080.0,1722792,22659,477794.0,16675943,490474
2020-05-29,8235.0,8174.0,1565,36948.0,205524.0,14741791,482100,4032.0,1746380,23588,484191.0,17207272,531329
2020-05-30,8305.0,7956.0,1425,35735.0,206949.0,15149283,407492,4004.0,1769817,23437,494308.0,17659853,452581
2020-05-31,8445.0,7626.0,896,34911.0,207845.0,15520995,371712,3669.0,1791209,21392,522456.0,18080056,420203
2020-06-01,8485.0,7591.0,2858,34316.0,210703.0,15907945,386950,3950.0,1811571,20362,535950.0,18492505,412449
2020-06-02,8566.0,7407.0,1736,33950.0,212439.0,16325609,417664,3852.0,1831726,20155,541613.0,18954043,461538
2020-06-03,8688.0,7227.0,2145,33237.0,214584.0,16799368,473759,3749.0,1851881,20155,556949.0,19453669,499626
2020-06-04,8787.0,7057.0,-2849,32814.0,211735.0,17250450,451082,3665.0,1872264,20383,569233.0,19962232,508563
2020-06-05,8863.0,6920.0,1513,32499.0,213248.0,17754219,503769,3523.0,1895330,23066,575917.0,20571120,608888
2020-06-06,8920.0,6762.0,982,31994.0,214230.0,18271222,517003,3476.0,1917888,22558,585047.0,21132582,561462
2020-06-07,8957.0,6501.0,655,31490.0,214885.0,18685577,414355,3298.0,1936706,18818,590504.0,21563239,430657
2020-06-08,9013.0,6402.0,1095,31121.0,215980.0,19052798,367221,3240.0,1953936,17230,602715.0,21965088,401849
2020-06-09,9141.0,6457.0,1263,31187.0,217243.0,19457620,404822,3090.0,1971087,17151,609256.0,22423611,458523
2020-06-10,9225.0,6249.0,1237,30952.0,218480.0,19890495,432875,3020.0,1991814,20727,617695.0,22903685,480074
2020-06-11,9295.0,6074.0,1527,29844.0,220007.0,20324872,434377,2886.0,2013885,22071,628050.0,23384863,481178
2020-06-12,9373.0,6017.0,1380,29309.0,221387.0,20939328,614456,2734.0,2036981,23096,635522.0,24009013,624150
2020-06-13,9430.0,5883.0,943,28578.0,222330.0,21428665,489337,2726.0,2062226,25245,644787.0,24551042,542029
2020-06-14,9466.0,5749.0,610,28020.0,222940.0,21877699,449034,2716.0,2083559,21333,649974.0,25023687,472645
2020-06-15,9516.0,5703.0,688,28026.0,223628.0,22286681,408982,2640.0,2102213,18654,664469.0,25467937,444250
2020-06-16,9590.0,5570.0,1173,28386.0,224801.0,22739526,452845,2594.0,2125481,23268,671680.0,25973133,505196
2020-06-17,9665.0,5612.0,1081,28664.0,225882.0,23237637,498111,2588.0,2149387,23906,680432.0,26535799,562666
2020-06-18,9736.0,5464.0,1095,28521.0,226977.0,23733652,496015,2520.0,2176476,27089,690166.0,27090608,554809
2020-06-19,9876.0,5341.0,1587,28706.0,228564.0,24321907,588255,2434.0,2207435,30959,697556.0,27743918,653310
2020-06-20,9908.0,5229.0,686,28084.0,229250.0,24862450,540543,2380.0,2239386,31951,708341.0,28349704,605786
2020-06-21,9944.0,5195.0,519,28325.0,229769.0,25322844,460394,2321.0,2268234,28848,712904.0,28845731,496027
2020-06-22,10002.0,5323.0,847,28954.0,230616.0,25767292,444448,2299.0,2295413,27179,731021.0,29337426,491695
2020-06-23,10077.0,5402.0,1262,30394.0,231878.0,26234307,467015,2293.0,2329298,33885,738454.0,29994722,657296
2020-06-24,10173.0,5293.0,1255,31271.0,233133.0,26756956,522649,2248.0,2368307,39009,747031.0,30551323,556601
2020-06-25,10257.0,5320.0,1279,31926.0,234412.0,27403608,646652,2214.0,2407988,39681,756120.0,31253745,702422
2020-06-26,10334.0,5283.0,1546,31810.0,235958.0,28006518,602910,2075.0,2452367,44379,763402.0,32055217,801472
2020-06-27,10415.0,5314.0,1048,32566.0,237006.0,28621632,615114,2159.0,2495255,42888,771895.0,32753342,698125
2020-06-28,10473.0,5252.0,547,32575.0,237553.0,29159782,538150,2077.0,2536587,41332,777667.0,33362382,609040
2020-06-29,10542.0,5380.0,734,33744.0,238287.0,29759713,599931,2011.0,2576357,39770,797723.0,34032855,670473
2020-06-30,10669.0,5424.0,1483,35335.0,239770.0,30378888,619175,2044.0,2623987,47630,813219.0,34744589,711734
2020-07-01,10752.0,5512.0,1433,36569.0,241203.0,31014740,635852,2098.0,2674988,51001,822580.0,35469658,725069
2020-07-02,10843.0,5626.0,1694,37627.0,242897.0,31659432,644692,2105.0,2728496,53508,874530.0,36225953,756295
2020-07-03,10936.0,5597.0,1344,37927.0,244241.0,32356301,696869,2049.0,2782184,53688,883025.0,37017933,791980
2020-07-04,10977.0,5633.0,872,38281.0,245113.0,32934368,578067,1982.0,2836328,54144,893652.0,37694480,676547
2020-07-05,11010.0,5653.0,582,38872.0,245695.0,33520046,585678,2080.0,2881495,45167,901881.0,38332163,637683
2020-07-06,11058.0,5687.0,818,39970.0,246513.0,33995359,475313,2105.0,2922989,41494,923481.0,38977507,645344
2020-07-07,11177.0,5832.0,1936,41957.0,248449.0,34604898,609539,2098.0,2974731,51742,935850.0,39704349,726842
2020-07-08,11303.0,5874.0,1888,43204.0,250337.0,35238684,633786,2172.0,3037467,62736,952731.0,40484798,780449
2020-07-09,11370.0,5845.0,1654,44055.0,251991.0,35930609,691925,2127.0,3096426,58959,968441.0,41310616,825818
2020-07-10,11523.0,5896.0,2207,51740.0,254198.0,36691399,760790,2197.0,3163250,66824,982521.0,42228587,917971
2020-07-11,11612.0,5939.0,5070,51982.0,259268.0,37370601,679202,2169.0,3225574,62324,994923.0,43045025,816438
2020-07-12,11679.0,5930.0,894,52860.0,260162.0,38057836,687235,2182.0,3286546,60972,1005644.0,43857349,812324
2020-07-13,11749.0,6074.0,1174,54156.0,261336.0,38674782,616946,2259.0,3344149,57603,1031219.0,44605363,748014
2020-07-14,11857.0,6235.0,2212,55667.0,263548.0,39410464,735682,2263.0,3403399,59250,1048400.0,45453278,847915
2020-07-15,12002.0,6317.0,2404,56312.0,265952.0,40161479,751015,2317.0,3472500,69101,1075159.0,46362660,909382
2020-07-16,12091.0,6359.0,2195,57614.0,268147.0,40946352,784873,2317.0,3542949,70449,1089922.0,47303961,941301
2020-07-17,12243.0,6452.0,2480,57894.0,270627.0,41713832,767480,2353.0,3619167,76218,1106096.0,48232612,928651
2020-07-18,12342.0,6397.0,1976,57822.0,272603.0,42393976,680144,2343.0,3683589,64422,1121981.0,49085782,853170
2020-07-19,12393.0,6384.0,888,58052.0,273491.0,43057355,663379,2362.0,3747304,63715,1130378.0,49877409,791627
2020-07-20,12475.0,6557.0,1623,58509.0,275114.0,43680486,623131,2403.0,3804239,56935,1159320.0,50609963,732554
2020-07-21,12629.0,6711.0,2510,59480.0,277624.0,44370162,689676,2414.0,3867864,63625,1182158.0,51437465,827502
2020-07-22,12790.0,10457.0,2246,59752.0,279870.0,45105619,735457,2440.0,3937210,69346,1210067.0,52348406,910941
2020-07-23,12933.0,10414.0,2378,59854.0,282248.0,45875842,770223,2465.0,4008435,71225,1232403.0,53270817,922411
2020-07-24,13182.0,10395.0,3040,59808.0,285288.0,46727146,851304,2711.0,4083289,74854,1260741.0,54276892,1006075
2020-07-25,13279.0,10380.0,1811,59382.0,287099.0,47430860,703714,2729.0,4147665,64376,1278557.0,55144571,867679
2020-07-26,13343.0,10353.0,1380,58731.0,288479.0,48166296,735436,2723.0,4207788,60123,1296974.0,56001510,856939
2020-07-27,13412.0,10328.0,1671,58991.0,290150.0,48825161,658865,2720.0,4262801,55013,1324925.0,56781645,780135
2020-07-28,13559.0,10463.0,4051,57178.0,294201.0,49549430,724269,2752.0,4321785,58984,1354538.0,57655268,873623
2020-07-29,13744.0,10539.0,2868,57427.0,297069.0,50306039,756609,2772.0,4385726,63941,1389701.0,58562509,907241
2020-07-30,13875.0,10523.0,3279,56565.0,300348.0,51027630,721591,2760.0,4454531,68805,1413102.0,59446911,884402
2020-07-31,14044.0,10472.0,2533,55700.0,302881.0,51677747,650117,2703.0,4522061,67530,1437182.0,60434717,987806
2020-08-01,14227.0,10450.0,2366,54554.0,305247.0,52323022,645275,2698.0,4582306,60245,1460930.0,61234918,800201
2020-08-02,14288.0,10415.0,831,54106.0,306078.0,52980821,657799,2645.0,4635043,52737,1467653.0,62011533,776615
2020-08-03,14370.0,10230.0,1606,53524.0,307684.0,53602034,621213,2659.0,4678165,43122,1512439.0,62741027,729494
2020-08-04,14537.0,10207.0,4408,53440.0,312092.0,54272729,670695,2701.0,4729980,51815,1528017.0,63533289,792262
2020-08-05,14687.0,9986.0,2123,53444.0,314215.0,54942973,670244,2719.0,4782444,52464,1576782.0,64352694,819405
2020-08-06,14810.0,9994.0,2594,53221.0,316809.0,55635868,692895,2718.0,4836247,53803,1597514.0,65202677,849983
2020-08-07,14925.0,9691.0,7992,51301.0,324801.0,56339242,703374,2617.0,4897083,60836,1622789.0,66085472,882795
2020-08-08,15024.0,9662.0,1479,50071.0,326280.0,56981484,642242,2566.0,4950166,53083,1641953.0,66856623,771151
2020-08-09,15081.0,9307.0,862,48997.0,327142.0,57655951,674467,2507.0,5000319,50153,1655695.0,67639559,782936
2020-08-10,15158.0,9216.0,1594,48761.0,328736.0,58312530,656579,2533.0,5042062,41743,1669563.0,68400810,761251
2020-08-11,15331.0,9136.0,2599,48620.0,331335.0,59038256,725726,2415.0,5097490,55428,1713812.0,69233361,832551
2020-08-12,15524.0,9555.0,2988,48046.0,334323.0,59501248,462992,2604.0,5153384,55894,1753994.0,69818558,585197
2020-08-13,15629.0,9487.0,2651,47322.0,336974.0,60264711,763463,2579.0,5205005,51621,1773505.0,70753679,935121
2020-08-14,15764.0,9277.0,2143,45860.0,339117.0,61054999,790288,2549.0,5262098,57093,1795121.0,71720703,967024
2020-08-15,15891.0,9087.0,1881,44922.0,340998.0,61746950,691951,2526.0,5317908,55810,1817332.0,72600524,879821
2020-08-16,15924.0,8958.0,685,44155.0,341683.0,62393841,646891,2481.0,5359690,41782,1831798.0,73355218,754694
2020-08-17,15985.0,8871.0,1274,43596.0,342957.0,62996693,602852,2447.0,5397641,37951,1864220.0,74070306,715088
2020-08-18,16123.0,8866.0,2227,43848.0,345184.0,63636009,639316,2468.0,5438132,40491,1887869.0,74832442,762136
2020-08-19,16377.0,8744.0,1996,43395.0,347180.0,64313545,677536,2371.0,5483014,44882,1923539.0,75663303,830861
2020-08-20,16487.0,8483.0,1975,42081.0,349155.0,64959268,645723,2335.0,5526737,43723,1945468.0,76505360,842057
2020-08-21,16563.0,8357.0,1767,41047.0,350922.0,65676114,716846,2286.0,5572932,46195,1963656.0,77400544,895184
2020-08-22,16657.0,8207.0,1598,40017.0,352520.0,66369002,692888,2204.0,5618654,45722,1984053.0,78272647,872103
2020-08-23,16697.0,7949.0,698,39064.0,353218.0,66945563,576561,2131.0,5655978,37324,1996283.0,78975452,702805
2020-08-24,16787.0,7851.0,1075,38776.0,354293.0,67597087,651524,2118.0,5690227,34249,2019310.0,79711883,736431
2020-08-25,16920.0,7863.0,1954,38842.0,356247.0,68219951,622864,2163.0,5726814,36587,2052294.0,80431047,719164
2020-08-26,17046.0,7737.0,1819,38501.0,358066.0,68829157,609206,2142.0,5770440,43626,2083058.0,81191832,760785
2020-08-27,17181.0,7717.0,1659,37529.0,359725.0,69541658,712501,2125.0,5814355,43915,2099887.0,82083920,892088
2020-08-28,17304.0,7558.0,1627,37351.0,361352.0,70256116,714458,2086.0,5860476,46121,2116889.0,82986229,902309
2020-08-29,17401.0,7413.0,1284,36516.0,362636.0,70956513,700397,2062.0,5904438,43962,2139059.0,83868733,882504
2020-08-30,17439.0,7268.0,662,35801.0,363298.0,71650438,693925,2055.0,5943723,39285,2152344.0,84693592,824859
2020-08-31,17537.0,7043.0,751,35423.0,364049.0,72273522,623084,2077.0,5974993,31270,2183106.0,85406657,713065
2020-09-01,17655.0,7090.0,1839,35334.0,365888.0,72902038,628516,2042.0,6017412,42419,2201023.0,86217546,810889
2020-09-02,17784.0,7087.0,1513,35667.0,367401.0,73525981,623943,2024.0,6047628,30216,2230060.0,86998724,781178
2020-09-03,17894.0,6921.0,1491,34747.0,368892.0,74208277,682296,2042.0,6092249,44621,2265262.0,87893655,894931
2020-09-04,18012.0,6924.0,1227,34191.0,370119.0,75087813,879536,1995.0,6143760,51511,2281748.0,88974433,1080778
2020-09-05,18089.0,6766.0,1187,33626.0,371306.0,75825472,737659,1956.0,6188503,44743,2300418.0,89919171,944738
2020-09-06,18125.0,6700.0,499,32497.0,371805.0,76447296,621824,1912.0,6221423,32920,2314245.0,90670375,751204
2020-09-07,18156.0,6630.0,474,32116.0,372279.0,76981229,533933,1879.0,6249565,28142,2331821.0,91312211,641836
2020-09-08,18189.0,6542.0,979,32345.0,373258.0,77459466,478237,1879.0,6271700,22135,2357307.0,91887768,575557
2020-09-09,18322.0,6646.0,1934,32647.0,375192.0,78021169,561703,1903.0,6302871,31171,2385790.0,92618299,730531
2020-09-10,18453.0,6531.0,1496,32536.0,376688.0,78601139,579970,1925.0,6340175,37304,2401781.0,93421552,803253
2020-09-11,18549.0,6379.0,1516,31529.0,378204.0,79312688,711549,1715.0,6384859,44684,2416126.0,94343376,921824
2020-09-12,18648.0,6451.0,1132,30758.0,379336.0,80092297,779609,1619.0,6426724,41865,2437110.0,95320938,977562
2020-09-13,18692.0,6233.0,545,29921.0,379881.0,80688633,596336,1562.0,6461038,34314,2448271.0,96081428,760490
2020-09-14,18748.0,6238.0,956,30045.0,380837.0,81401965,713332,1507.0,6494615,33577,2476089.0,96927033,845605
2020-09-15,18847.0,6310.0,1453,30447.0,382290.0,82059011,657046,1572.0,6529560,34945,2493331.0,97758782,831749
2020-09-16,18961.0,6308.0,1475,30362.0,383765.0,82677056,618045,1651.0,6569668,40108,2523824.0,98583907,825125
2020-09-17,19057.0,6278.0,1544,30007.0,385309.0,83412302,735246,1658.0,6612959,43291,2538622.0,99552717,968810
2020-09-18,19163.0,6175.0,1416,29652.0,386725.0,84219808,807506,1608.0,6660209,47250,2556013.0,100613792,1061075
2020-09-19,19243.0,6163.0,1036,29185.0,387761.0,85098101,878293,1577.0,6705115,44906,2575561.0,101731113,1117321
2020-09-20,19281.0,6100.0,525,28724.0,388286.0,85879059,780958,1595.0,6740619,35504,2587314.0,102700632,969519
2020-09-21,19353.0,6140.0,1103,28873.0,389389.0,86501638,622579,1572.0,6779756,39137,2614069.0,103461431,760799
2020-09-22,19324.0,6196.0,1519,29658.0,390908.0,87185488,683850,1562.0,6829231,49475,2645001.0,104346491,885060
2020-09-23,19452.0,6203.0,1449,30021.0,392357.0,87970214,784726,1544.0,6867850,38619,2670381.0,105357621,1011130
2020-09-24,19555.0,6269.0,1495,30158.0,393852.0,88707737,737523,1560.0,6911193,43343,2708310.0,106346220,988599
2020-09-25,19919.0,6220.0,1320,29900.0,395172.0,89587484,879747,1506.0,6966379,55186,2725475.0,107473469,1127249
2020-09-26,20002.0,6143.0,1197,29670.0,396369.0,90441266,853782,1509.0,7013786,47407,2748595.0,108574027,1100558
2020-09-27,20050.0,6170.0,613,29579.0,396982.0,91112447,671181,1511.0,7048769,34983,2764336.0,109482467,908440
2020-09-28,20121.0,6052.0,1223,29688.0,398205.0,91887000,774553,1518.0,7084131,35362,2792677.0,110507542,1025075
2020-09-29,20247.0,6181.0,1651,30583.0,399856.0,92626616,739616,1495.0,7121094,36963,2811386.0,111476369,968827
2020-09-30,20390.0,6236.0,1638,31018.0,401494.0,93321510,694894,1507.0,7165440,44346,2838664.0,112426581,950212
2020-10-01,20492.0,6263.0,1732,30951.0,403226.0,94089782,768272,1547.0,7211040,45600,2858704.0,113452777,1026196
2020-10-02,20612.0,6194.0,1433,30877.0,404659.0,95028778,938996,1533.0,7260293,49253,2871287.0,114677825,1225048
2020-10-03,20686.0,6073.0,1083,30209.0,405742.0,95825561,796783,1501.0,7311230,50937,2895307.0,115743069,1065244
2020-10-04,20729.0,6056.0,663,30063.0,406405.0,96611256,785695,1485.0,7349212,37982,2909644.0,116739610,996541
2020-10-05,20812.0,6287.0,1486,31434.0,407891.0,97441775,830519,1515.0,7386968,37756,2933035.0,117721002,981392
2020-10-06,20973.0,6502.0,-768,32720.0,407123.0,98163672,721897,1609.0,7425885,38917,2950348.0,118659206,938204
2020-10-07,21112.0,6575.0,2140,33584.0,409263.0,98935924,772252,1646.0,7476473,50588,2997942.0,119699072,1039866
2020-10-08,21217.0,6694.0,2131,34446.0,411394.0,99850299,914375,1638.0,7531677,55204,3019299.0,120902185,1203113
2020-10-09,21389.0,6785.0,1727,34989.0,413121.0,100820690,970391,1655.0,7588467,56790,3037145.0,122143578,1241393
2020-10-10,21512.0,6752.0,1472,34700.0,414593.0,101759122,938432,1667.0,7645891,57424,3061045.0,123385732,1242154
2020-10-11,21553.0,6749.0,981,34609.0,415574.0,102538086,778964,1646.0,7692159,46268,3072920.0,124444779,1059047
2020-10-12,21625.0,6866.0,1169,35156.0,416743.0,103378242,840156,1666.0,7734804,42645,3104644.0,125464165,1019386
2020-10-13,21735.0,7096.0,2008,36161.0,418751.0,104251007,872765,1755.0,7783221,48417,3122531.0,126552571,1088406
2020-10-14,21889.0,7239.0,2455,37176.0,421206.0,104892436,641429,1776.0,7839458,56237,3153746.0,127633098,1080527
2020-10-15,22051.0,7302.0,1999,37420.0,423205.0,105770507,878071,1769.0,7902842,63384,3175500.0,128790286,1157188
2020-10-16,22202.0,7328.0,1864,37470.0,425069.0,106710099,939592,1739.0,7971107,68265,3195422.0,130011537,1221251
2020-10-17,22320.0,7466.0,1528,37474.0,426597.0,107678048,967949,1791.0,8028462,57355,3218561.0,131327781,1316244
2020-10-18,22391.0,7383.0,813,36536.0,427410.0,108423338,745290,1762.0,8076742,48280,3231947.0,132366168,1038387
2020-10-19,22475.0,8069.0,1666,37954.0,429076.0,109414240,990902,1800.0,8133850,57108,3270429.0,133474987,1108819
2020-10-20,22662.0,8213.0,2265,39406.0,431341.0,110194424,780184,2045.0,8194419,60569,3293315.0,134476730,1001743
2020-10-21,22855.0,8291.0,2131,40397.0,433472.0,110937305,742881,2090.0,8255399,60980,3321258.0,135494988,1018258
2020-10-22,23018.0,8178.0,2496,41125.0,435968.0,111878687,941382,2147.0,8328402,73003,3350982.0,136774053,1279065
2020-10-23,23221.0,8340.0,15071,41617.0,451039.0,112921165,1042478,2180.0,8410744,82342,3373284.0,138178626,1404573
2020-10-24,23356.0,8675.0,1793,42087.0,452832.0,113853405,932240,2230.0,8494063,83319,3404503.0,139491009,1312383
2020-10-25,23420.0,8590.0,1076,41883.0,453908.0,114739044,885639,2176.0,8558960,64897,3420713.0,140673228,1182219
2020-10-26,23542.0,8942.0,1754,43005.0,455662.0,115702574,963530,2301.0,8621495,62535,3458204.0,141867920,1194692
2020-10-27,23701.0,8997.0,2253,44392.0,457915.0,116522960,820386,2287.0,8693592,72097,3485474.0,142978426,1110506
2020-10-28,23883.0,9134.0,2464,45205.0,460379.0,117363209,840249,2347.0,8772385,78793,3515953.0,144144391,1165965
2020-10-29,24082.0,9320.0,2334,46220.0,462713.0,118381775,1018566,2403.0,8861113,88728,3552166.0,145508208,1363817
2020-10-30,24230.0,9549.0,2401,46856.0,465114.0,119364020,982245,2477.0,8958376,97263,3576201.0,146903570,1395362
2020-10-31,24375.0,9613.0,2082,47486.0,467196.0,120412859,1048839,2502.0,9048989,90613,3610296.0,148330649,1427079
2020-11-01,24457.0,9665.0,1166,47615.0,468362.0,121201409,788550,2553.0,9190336,141347,3631622.0,149508045,1177396
2020-11-02,24560.0,9970.0,1446,48773.0,469808.0,122224994,1023585,2637.0,9273431,83095,3672742.0,150798717,1290672
2020-11-03,24796.0,10530.0,3115,50512.0,472923.0,123124388,899394,2733.0,9363295,89864,3702925.0,152020353,1221636
2020-11-04,25041.0,10892.0,3114,52166.0,476037.0,124016773,892385,2832.0,9466848,103553,3741442.0,153300229,1279876
2020-11-05,25276.0,11046.0,2541,53465.0,478578.0,125214673,1197900,2877.0,9584904,118056,3779523.0,154912515,1612286
2020-11-06,25498.0,11213.0,3143,54949.0,481721.0,126374629,1159956,2850.0,9712396,127492,3808730.0,156532916,1620401
2020-11-07,25721.0,11215.0,2297,56037.0,484018.0,127368658,994029,2947.0,9843212,130816,3849345.0,157982505,1449589
2020-11-08,25819.0,11223.0,1467,56942.0,485485.0,128242429,873771,2977.0,9954711,111499,3879255.0,159202465,1219960
2020-11-09,26087.0,11638.0,2261,59394.0,487746.0,129384538,1142109,3110.0,10072209,117498,3926618.0,160646813,1444348
2020-11-10,26335.0,12071.0,4033,62138.0,491779.0,130390741,1006203,3201.0,10205183,132974,3959700.0,161992422,1345609
2020-11-11,26584.0,12625.0,3275,65557.0,495054.0,131414999,1024258,3367.0,10352081,146898,3995023.0,163456304,1463882
2020-11-12,26803.0,12911.0,3551,67233.0,498605.0,132456517,1041518,3622.0,10506256,154175,4049143.0,165027063,1570759
2020-11-13,26997.0,13279.0,3686,68599.0,502291.0,133667929,1211412,3769.0,10680715,174459,4093148.0,166734205,1707142
2020-11-14,27172.0,13491.0,3424,69588.0,505715.0,134857389,1189460,3945.0,10846536,165821,4146419.0,168440293,1706088
2020-11-15,27269.0,13849.0,1868,70202.0,507583.0,135939477,1082088,3939.0,10992366,145830,4183378.0,169993739,1553446
2020-11-16,27437.0,14494.0,3033,73377.0,510616.0,137074240,1134763,4166.0,11141894,149528,4242683.0,171523832,1530093
2020-11-17,27681.0,15018.0,3812,77079.0,514428.0,138221744,1147504,4379.0,11300693,158799,4292094.0,173128508,1604676
2020-11-18,27989.0,15558.0,4384,79517.0,518812.0,139331380,1109636,4701.0,11466860,166167,4348089.0,174748548,1620040
2020-11-19,28216.0,15763.0,4420,80682.0,523232.0,140601218,1269838,4859.0,11651532,184672,4410709.0,176598524,1849976
2020-11-20,28472.0,16138.0,3891,82279.0,527123.0,141979248,1378030,5055.0,11846342,194810,4457930.0,178545855,1947331
2020-11-21,28693.0,16264.0,3340,83346.0,530463.0,143409545,1430297,5103.0,12028201,181859,4529788.0,180594530,2048675
2020-11-22,28828.0,16411.0,2291,83882.0,532754.0,144656088,1246543,5233.0,12180097,151896,4526635.0,182347593,1753063
2020-11-23,28990.0,17080.0,2985,85979.0,535739.0,145926485,1270397,5458.0,12331990,151893,4633600.0,184042002,1694409
2020-11-24,29245.0,17314.0,4591,88174.0,540330.0,147311323,1384838,5630.0,12501254,169264,4696996.0,185926323,1884321
2020-11-25,29540.0,17740.0,4568,90041.0,544898.0,148522805,1211482,5990.0,12688192,186938,4835956.0,187753671,1827348
2020-11-26,29673.0,18019.0,2247,90564.0,547145.0,149421572,898767,5986.0,12816631,128439,4871312.0,189022383,1268712
2020-11-27,29858.0,18061.0,3499,89950.0,550644.0,150826280,1404708,6030.0,13010875,194244,4947446.0,191054688,2032305
2020-11-28,30109.0,18249.0,3404,91762.0,554048.0,152036674,1210394,6148.0,13165790,154915,5024447.0,192727998,1673310
2020-11-29,30274.0,18437.0,2429,93357.0,556477.0,152906226,869552,6245.0,13301880,136090,5065148.0,194013518,1285520
2020-11-30,30469.0,18801.0,3394,96149.0,559871.0,154112956,1206730,6520.0,13450355,148475,5146643.0,195620788,1607270
2020-12-01,30749.0,19295.0,5222,98777.0,565093.0,156081261,1968305,6649.0,13629572,179217,5226581.0,197094388,1473600
2020-12-02,31038.0,19680.0,5028,100322.0,570121.0,157122572,1041311,6855.0,13828237,198665,5322128.0,198653153,1558765
2020-12-03,31276.0,19723.0,5331,100755.0,575452.0,158392512,1269940,6867.0,14041601,213364,5404018.0,200549822,1896669
2020-12-04,31608.0,19858.0,4652,101276.0,580104.0,159673228,1280716,6999.0,14269576,227975,5470389.0,202453457,1903635
2020-12-05,31831.0,19947.0,3457,101192.0,583561.0,161181102,1507874,7006.0,14484969,215393,5576152.0,204665435,2211978
2020-12-06,31946.0,20145.0,2311,101501.0,585872.0,162296168,1115066,7095.0,14664588,179619,5624609.0,206267533,1602098
2020-12-07,32120.0,20098.0,3614,102148.0,589486.0,163627989,1331821,7073.0,14845407,180819,5714557.0,207986484,1718951
2020-12-08,32406.0,20483.0,4309,104623.0,593795.0,164864861,1236872,7245.0,15066294,220887,5788509.0,209664520,1678036
2020-12-09,32720.0,20906.0,5424,106705.0,599219.0,166130278,1265417,7624.0,15279750,213456,5891885.0,211477834,1813314
2020-12-10,32919.0,21023.0,4335,107276.0,603554.0,167405405,1275127,7442.0,15498260,218510,5985047.0,213370739,1892905
2020-12-11,33237.0,21010.0,5444,108108.0,608998.0,168750664,1345259,7489.0,15733070,234810,6135314.0,215363699,1992960
2020-12-12,33419.0,21198.0,3695,108461.0,612693.0,169914641,1163977,7515.0,15958266,225196,6246808.0,217177127,1813428
2020-12-13,33494.0,21230.0,2314,109298.0,615007.0,171128835,1214194,7535.0,16146020,187754,6298331.0,218941321,1764194
2020-12-14,33693.0,21456.0,3569,110549.0,618576.0,172819026,1690191,7706.0,16339404,193384,6399531.0,221100799,2159478
